"task","id","group","session","phase","piss","thirsty","hungry"
"internal",100,"control","second",1,12.08791,31.59341,59.61538
"internal",100,"control","second",2,11.53846,20.6044,28.57143
"internal",100,"control","second",3,18.95604,13.18681,15.38462
"internal",100,"control","second",4,50.82418,59.34066,72.8022
"internal",100,"control","second",5,75.54945,57.69231,88.18681
"internal",102,"control","second",1,NA,NA,NA
"internal",102,"control","second",2,8.241758,8.516484,8.241758
"internal",102,"control","second",3,11.26374,8.241758,8.241758
"internal",102,"control","second",4,12.08791,8.241758,8.241758
"internal",102,"control","second",5,NA,NA,NA
"internal",105,"control","second",1,12.36264,67.30769,66.48352
"internal",105,"control","second",2,11.81319,63.18681,71.7033
"internal",105,"control","second",3,16.75824,56.59341,82.96703
"internal",105,"control","second",4,18.68132,50,64.83516
"internal",105,"control","second",5,17.58242,54.12088,69.50549
"internal",106,"control","second",1,16.75824,27.74725,59.61538
"internal",106,"control","second",2,15.65934,24.72527,57.41758
"internal",106,"control","second",3,11.81319,15.93407,55.49451
"internal",106,"control","second",4,10.43956,8.241758,50
"internal",106,"control","second",5,12.91209,8.241758,50
"internal",107,"control","second",1,10.16484,19.78022,64.28571
"internal",107,"control","second",2,12.36264,26.0989,57.14286
"internal",107,"control","second",3,60.43956,41.48352,56.04396
"internal",107,"control","second",4,55.21978,27.47253,53.57143
"internal",107,"control","second",5,74.45055,8.241758,40.65934
"internal",108,"control","second",1,8.516484,37.36264,62.36264
"internal",108,"control","second",2,8.241758,21.15385,77.1978
"internal",108,"control","second",3,NA,NA,NA
"internal",108,"control","second",4,10.43956,33.79121,88.18681
"internal",108,"control","second",5,23.9011,19.78022,88.46154
"internal",109,"control","second",1,8.241758,26.64835,21.97802
"internal",109,"control","second",2,8.241758,10.16484,12.63736
"internal",109,"control","second",3,10.98901,8.241758,8.241758
"internal",109,"control","second",4,9.615385,8.241758,8.241758
"internal",109,"control","second",5,23.9011,8.241758,8.241758
"internal",110,"control","second",1,14.56044,57.14286,8.241758
"internal",110,"control","second",2,8.241758,70.32967,23.07692
"internal",110,"control","second",3,8.241758,54.94505,26.64835
"internal",110,"control","second",4,69.78022,59.61538,9.89011
"internal",110,"control","second",5,90.93407,39.28571,67.58242
"internal",112,"control","second",1,8.241758,64.01099,48.07692
"internal",112,"control","second",2,8.791209,61.26374,50
"internal",112,"control","second",3,8.516484,60.71429,73.9011
"internal",112,"control","second",4,8.241758,62.91209,67.58242
"internal",112,"control","second",5,14.56044,72.8022,80.49451
"internal",113,"control","second",1,8.241758,29.12088,20.32967
"internal",113,"control","second",2,8.516484,27.74725,9.340659
"internal",113,"control","second",3,12.63736,54.3956,9.065934
"internal",113,"control","second",4,54.67033,64.56044,12.91209
"internal",113,"control","second",5,63.18681,67.85714,34.34066
"internal",114,"control","second",1,8.241758,10.71429,10.43956
"internal",114,"control","second",2,8.241758,75,8.241758
"internal",114,"control","second",3,8.516484,90.93407,8.241758
"internal",114,"control","second",4,82.96703,91.75824,8.241758
"internal",114,"control","second",5,91.75824,91.75824,8.241758
"internal",115,"control","second",1,8.241758,36.81319,54.67033
"internal",115,"control","second",2,NA,NA,NA
"internal",115,"control","second",3,8.241758,11.26374,63.46154
"internal",115,"control","second",4,8.241758,13.46154,38.18681
"internal",115,"control","second",5,8.241758,9.615385,44.78022
"internal",116,"control","second",1,15.93407,31.59341,76.0989
"internal",116,"control","second",2,12.63736,8.241758,73.35165
"internal",116,"control","second",3,37.63736,8.241758,82.69231
"internal",116,"control","second",4,87.08791,8.241758,81.86813
"internal",116,"control","second",5,91.75824,8.241758,50
"internal",118,"control","second",1,8.241758,14.01099,25
"internal",118,"control","second",2,8.241758,9.615385,10.16484
"internal",118,"control","second",3,8.241758,11.26374,12.91209
"internal",118,"control","second",4,10.43956,36.26374,8.791209
"internal",118,"control","second",5,16.48352,27.1978,25.27473
"internal",119,"control","second",1,27.1978,50,60.43956
"internal",119,"control","second",2,36.26374,40.10989,58.79121
"internal",119,"control","second",3,45.32967,53.57143,63.73626
"internal",119,"control","second",4,48.62637,59.89011,57.69231
"internal",119,"control","second",5,60.43956,60.98901,67.85714
"internal",120,"control","second",1,8.241758,60.43956,79.67033
"internal",120,"control","second",2,11.81319,50,59.34066
"internal",120,"control","second",3,13.18681,53.02198,70.6044
"internal",120,"control","second",4,15.65934,57.69231,80.21978
"internal",120,"control","second",5,29.12088,27.74725,80.49451
"internal",121,"control","second",1,8.241758,60.71429,23.35165
"internal",121,"control","second",2,8.241758,8.241758,29.12088
"internal",121,"control","second",3,8.241758,8.241758,8.241758
"internal",121,"control","second",4,54.67033,8.241758,8.241758
"internal",121,"control","second",5,87.08791,8.241758,8.241758
"internal",122,"control","second",1,25.27473,53.57143,67.85714
"internal",122,"control","second",2,24.45055,66.48352,80.21978
"internal",122,"control","second",3,26.92308,54.67033,89.01099
"internal",122,"control","second",4,30.49451,56.04396,83.24176
"internal",122,"control","second",5,37.08791,45.6044,69.78022
"internal",123,"control","second",1,12.08791,50.82418,72.52747
"internal",123,"control","second",2,15.65934,28.2967,81.86813
"internal",123,"control","second",3,64.56044,23.07692,60.98901
"internal",123,"control","second",4,80.21978,71.42857,55.21978
"internal",123,"control","second",5,12.63736,22.8022,50
"internal",124,"control","second",1,13.73626,65.38462,83.79121
"internal",124,"control","second",2,15.93407,57.96703,78.84615
"internal",124,"control","second",3,24.72527,14.01099,32.41758
"internal",124,"control","second",4,50.27473,16.20879,66.48352
"internal",124,"control","second",5,75.54945,11.81319,65.65934
"internal",125,"control","second",1,8.241758,60.71429,73.9011
"internal",125,"control","second",2,10.43956,70.6044,73.9011
"internal",125,"control","second",3,9.89011,55.76923,74.72527
"internal",125,"control","second",4,13.46154,82.96703,68.95604
"internal",125,"control","second",5,15.65934,35.43956,71.7033
"internal",126,"control","second",1,8.241758,32.41758,37.08791
"internal",126,"control","second",2,8.241758,17.30769,22.25275
"internal",126,"control","second",3,29.3956,33.24176,60.16484
"internal",126,"control","second",4,34.61538,22.52747,67.03297
"internal",126,"control","second",5,67.30769,21.97802,78.02198
"internal",127,"control","second",1,18.95604,30.21978,50
"internal",127,"control","second",2,19.78022,15.93407,50
"internal",127,"control","second",3,29.94505,18.95604,50
"internal",127,"control","second",4,31.59341,33.24176,52.74725
"internal",127,"control","second",5,32.69231,21.7033,50
"internal",128,"control","second",1,8.241758,59.34066,60.16484
"internal",128,"control","second",2,8.241758,62.91209,64.83516
"internal",128,"control","second",3,8.241758,59.89011,63.73626
"internal",128,"control","second",4,8.241758,50,60.16484
"internal",128,"control","second",5,15.93407,50,50
"internal",129,"control","second",1,11.81319,79.12088,68.13187
"internal",129,"control","second",2,13.18681,70.32967,71.15385
"internal",129,"control","second",3,18.68132,72.52747,75.27473
"internal",129,"control","second",4,29.3956,82.41758,72.8022
"internal",129,"control","second",5,60.43956,74.72527,70.87912
"internal",130,"control","second",1,10.71429,70.05495,69.23077
"internal",130,"control","second",2,14.83516,68.95604,72.25275
"internal",130,"control","second",3,24.17582,60.16484,67.85714
"internal",130,"control","second",4,71.15385,49.45055,68.40659
"internal",130,"control","second",5,86.26374,46.97802,57.14286
"internal",131,"control","second",1,8.241758,56.59341,57.69231
"internal",131,"control","second",2,8.241758,32.96703,57.14286
"internal",131,"control","second",3,8.241758,8.241758,53.02198
"internal",131,"control","second",4,8.241758,17.30769,60.71429
"internal",131,"control","second",5,67.58242,19.23077,72.52747
"internal",132,"control","second",1,19.23077,48.9011,50
"internal",132,"control","second",2,32.14286,34.34066,50
"internal",132,"control","second",3,50,46.42857,50
"internal",132,"control","second",4,56.86813,50,50
"internal",132,"control","second",5,63.46154,41.48352,55.49451
"internal",133,"control","second",1,8.241758,50,56.86813
"internal",133,"control","second",2,8.241758,50,57.14286
"internal",133,"control","second",3,8.241758,43.13187,53.57143
"internal",133,"control","second",4,8.241758,42.85714,53.02198
"internal",133,"control","second",5,24.72527,41.48352,50
"internal",201,"obese","second",1,17.30769,40.65934,18.13187
"internal",201,"obese","second",2,17.58242,16.75824,14.01099
"internal",201,"obese","second",3,30.76923,20.87912,23.35165
"internal",201,"obese","second",4,28.57143,28.57143,25
"internal",201,"obese","second",5,37.63736,35.43956,59.89011
"internal",202,"obese","second",1,23.62637,80.49451,70.05495
"internal",202,"obese","second",2,20.05495,78.57143,69.78022
"internal",202,"obese","second",3,13.18681,79.12088,71.97802
"internal",202,"obese","second",4,45.87912,87.08791,76.0989
"internal",202,"obese","second",5,58.24176,89.28571,72.25275
"internal",203,"obese","second",1,19.23077,64.56044,29.67033
"internal",203,"obese","second",2,36.81319,28.2967,28.84615
"internal",203,"obese","second",3,72.25275,14.56044,16.75824
"internal",203,"obese","second",4,84.06593,11.26374,11.81319
"internal",203,"obese","second",5,91.20879,10.16484,9.340659
"internal",204,"obese","second",1,15.93407,27.47253,55.76923
"internal",204,"obese","second",2,17.30769,11.53846,54.12088
"internal",204,"obese","second",3,68.95604,11.53846,53.02198
"internal",204,"obese","second",4,87.63736,8.241758,55.49451
"internal",204,"obese","second",5,86.26374,12.08791,50
"internal",205,"obese","second",1,33.51648,59.06593,56.04396
"internal",205,"obese","second",2,28.84615,61.26374,70.32967
"internal",205,"obese","second",3,40.38462,67.03297,69.23077
"internal",205,"obese","second",4,42.30769,65.93407,65.93407
"internal",205,"obese","second",5,42.03297,74.45055,63.46154
"internal",206,"obese","second",1,8.241758,79.67033,70.87912
"internal",206,"obese","second",2,8.241758,20.87912,91.75824
"internal",206,"obese","second",3,8.241758,8.241758,91.75824
"internal",206,"obese","second",4,8.241758,15.93407,91.75824
"internal",206,"obese","second",5,16.75824,8.241758,83.79121
"internal",207,"obese","second",1,8.241758,9.89011,54.67033
"internal",207,"obese","second",2,8.241758,8.241758,54.12088
"internal",207,"obese","second",3,8.241758,8.241758,53.57143
"internal",207,"obese","second",4,8.241758,8.241758,50.27473
"internal",207,"obese","second",5,13.46154,8.241758,26.92308
"internal",208,"obese","second",1,8.241758,50.82418,91.75824
"internal",208,"obese","second",2,8.241758,25.27473,86.81319
"internal",208,"obese","second",3,8.241758,24.45055,27.1978
"internal",208,"obese","second",4,91.75824,8.241758,26.92308
"internal",208,"obese","second",5,91.75824,8.241758,8.241758
"internal",209,"obese","second",1,8.241758,57.69231,39.56044
"internal",209,"obese","second",2,8.241758,66.48352,42.58242
"internal",209,"obese","second",3,8.241758,67.03297,71.42857
"internal",209,"obese","second",4,8.241758,86.81319,75.54945
"internal",209,"obese","second",5,70.87912,81.04396,76.0989
"internal",210,"obese","second",1,10.98901,71.15385,28.2967
"internal",210,"obese","second",2,23.35165,33.24176,37.36264
"internal",210,"obese","second",3,29.12088,12.08791,18.68132
"internal",210,"obese","second",4,50,43.68132,56.31868
"internal",210,"obese","second",5,77.1978,8.241758,73.62637
"internal",211,"obese","second",1,8.241758,30.76923,21.42857
"internal",211,"obese","second",2,8.241758,22.52747,23.9011
"internal",211,"obese","second",3,8.241758,14.56044,21.97802
"internal",211,"obese","second",4,17.03297,27.47253,25
"internal",211,"obese","second",5,23.07692,8.241758,31.59341
"internal",212,"obese","second",1,24.17582,56.86813,8.241758
"internal",212,"obese","second",2,46.15385,54.94505,8.241758
"internal",212,"obese","second",3,NA,NA,NA
"internal",212,"obese","second",4,NA,NA,NA
"internal",212,"obese","second",5,NA,NA,NA
"internal",213,"obese","second",1,15.38462,31.04396,28.84615
"internal",213,"obese","second",2,50,19.50549,19.78022
"internal",213,"obese","second",3,16.48352,17.30769,19.50549
"internal",213,"obese","second",4,13.46154,12.91209,15.93407
"internal",213,"obese","second",5,14.56044,15.10989,17.85714
"internal",214,"obese","second",1,62.63736,56.31868,50
"internal",214,"obese","second",2,17.85714,54.3956,57.14286
"internal",214,"obese","second",3,42.03297,50,31.86813
"internal",214,"obese","second",4,42.30769,41.75824,50
"internal",214,"obese","second",5,64.56044,47.25275,50
"internal",215,"obese","second",1,8.241758,61.81319,78.84615
"internal",215,"obese","second",2,11.53846,39.28571,66.75824
"internal",215,"obese","second",3,15.38462,36.26374,64.83516
"internal",215,"obese","second",4,76.64835,22.52747,50
"internal",215,"obese","second",5,91.75824,8.516484,8.241758
"internal",216,"obese","second",1,8.241758,79.67033,25.54945
"internal",216,"obese","second",2,8.241758,69.50549,27.47253
"internal",216,"obese","second",3,8.241758,55.76923,14.56044
"internal",216,"obese","second",4,8.241758,62.36264,40.38462
"internal",216,"obese","second",5,8.241758,26.0989,70.6044
"internal",217,"obese","second",1,49.45055,59.34066,61.26374
"internal",217,"obese","second",2,22.8022,62.91209,50
"internal",217,"obese","second",3,83.51648,54.67033,57.69231
"internal",217,"obese","second",4,9.340659,62.08791,61.53846
"internal",217,"obese","second",5,NA,NA,NA
"internal",218,"obese","second",1,16.20879,41.75824,54.67033
"internal",218,"obese","second",2,12.63736,54.12088,57.41758
"internal",218,"obese","second",3,51.92308,55.21978,46.15385
"internal",218,"obese","second",4,20.05495,42.30769,41.75824
"internal",218,"obese","second",5,64.01099,58.79121,18.40659
"internal",219,"obese","second",1,8.241758,41.75824,62.08791
"internal",219,"obese","second",2,11.53846,8.241758,59.89011
"internal",219,"obese","second",3,32.69231,45.32967,72.25275
"internal",219,"obese","second",4,9.89011,14.01099,63.73626
"internal",219,"obese","second",5,8.241758,11.53846,71.97802
"internal",220,"obese","second",1,22.25275,25.27473,70.05495
"internal",220,"obese","second",2,28.2967,33.51648,43.13187
"internal",220,"obese","second",3,32.14286,21.7033,28.57143
"internal",220,"obese","second",4,54.3956,61.53846,62.36264
"internal",220,"obese","second",5,58.24176,60.98901,68.68132
"internal",221,"obese","second",1,8.241758,8.241758,8.241758
"internal",221,"obese","second",2,17.85714,8.241758,8.241758
"internal",221,"obese","second",3,60.43956,8.241758,8.241758
"internal",221,"obese","second",4,8.241758,8.241758,8.241758
"internal",221,"obese","second",5,8.241758,8.241758,8.241758
"internal",222,"obese","second",1,8.241758,54.3956,32.96703
"internal",222,"obese","second",2,8.241758,56.04396,43.95604
"internal",222,"obese","second",3,8.241758,53.2967,43.13187
"internal",222,"obese","second",4,8.241758,55.76923,42.30769
"internal",222,"obese","second",5,15.93407,53.57143,54.67033
"internal",223,"obese","second",1,8.241758,53.02198,28.02198
"internal",223,"obese","second",2,8.241758,42.58242,58.51648
"internal",223,"obese","second",3,8.241758,18.95604,38.73626
"internal",223,"obese","second",4,8.241758,24.45055,27.47253
"internal",223,"obese","second",5,16.20879,14.56044,23.62637
"internal",224,"obese","second",1,9.340659,68.40659,74.17582
"internal",224,"obese","second",2,14.56044,29.94505,71.15385
"internal",224,"obese","second",3,45.87912,34.06593,64.28571
"internal",224,"obese","second",4,NA,NA,NA
"internal",224,"obese","second",5,85.43956,40.10989,60.16484
"internal",225,"obese","second",1,8.241758,67.30769,57.14286
"internal",225,"obese","second",2,10.71429,53.84615,8.241758
"internal",225,"obese","second",3,22.25275,8.241758,8.241758
"internal",225,"obese","second",4,91.75824,8.241758,8.241758
"internal",225,"obese","second",5,24.45055,8.241758,8.241758
"internal",226,"obese","second",1,50,56.04396,50
"internal",226,"obese","second",2,36.81319,50,54.67033
"internal",226,"obese","second",3,18.40659,18.68132,50
"internal",226,"obese","second",4,54.94505,50,25.54945
"internal",226,"obese","second",5,91.75824,8.241758,8.241758
"internal",227,"obese","second",1,8.241758,60.71429,60.43956
"internal",227,"obese","second",2,8.241758,60.43956,69.23077
"internal",227,"obese","second",3,18.13187,62.91209,74.17582
"internal",227,"obese","second",4,48.07692,57.41758,62.08791
"internal",227,"obese","second",5,82.96703,55.49451,59.61538
"internal",228,"obese","second",1,8.241758,91.75824,31.04396
"internal",228,"obese","second",2,8.241758,70.87912,8.241758
"internal",228,"obese","second",3,8.241758,50,8.241758
"internal",228,"obese","second",4,87.08791,91.75824,8.241758
"internal",228,"obese","second",5,91.75824,31.31868,8.241758
"internal",229,"obese","second",1,8.241758,39.83516,69.78022
"internal",229,"obese","second",2,8.241758,17.85714,41.20879
"internal",229,"obese","second",3,8.241758,22.52747,37.08791
"internal",229,"obese","second",4,8.241758,32.41758,83.24176
"internal",229,"obese","second",5,13.18681,53.2967,87.36264
"internal",230,"obese","second",1,8.241758,8.241758,8.791209
"internal",230,"obese","second",2,8.241758,8.241758,8.241758
"internal",230,"obese","second",3,8.241758,8.241758,8.241758
"internal",230,"obese","second",4,20.05495,40.65934,8.241758
"internal",230,"obese","second",5,80.21978,8.241758,8.241758
"internal",231,"obese","second",1,8.241758,59.34066,70.6044
"internal",231,"obese","second",2,8.241758,66.48352,89.83516
"internal",231,"obese","second",3,50,51.37363,91.75824
"internal",231,"obese","second",4,63.73626,55.21978,91.75824
"internal",231,"obese","second",5,67.30769,50.54945,91.20879
"internal",232,"obese","second",1,8.241758,46.15385,31.59341
"internal",232,"obese","second",2,8.241758,57.69231,27.74725
"internal",232,"obese","second",3,8.241758,8.241758,32.96703
"internal",232,"obese","second",4,8.241758,8.241758,8.241758
"internal",232,"obese","second",5,8.241758,14.01099,8.241758
"internal",233,"obese","second",1,20.6044,56.59341,54.3956
"internal",233,"obese","second",2,26.92308,42.85714,42.58242
"internal",233,"obese","second",3,50,35.71429,37.08791
"internal",233,"obese","second",4,78.02198,27.1978,31.31868
"internal",233,"obese","second",5,83.79121,50,50
"internal",234,"obese","second",1,13.18681,23.07692,22.52747
"internal",234,"obese","second",2,14.01099,9.065934,21.7033
"internal",234,"obese","second",3,30.76923,8.241758,15.65934
"internal",234,"obese","second",4,67.85714,9.340659,10.71429
"internal",234,"obese","second",5,82.41758,8.241758,13.18681
"internal",235,"obese","second",1,8.241758,8.241758,8.516484
"internal",235,"obese","second",2,8.241758,8.241758,8.241758
"internal",235,"obese","second",3,8.241758,50,8.241758
"internal",235,"obese","second",4,20.32967,8.516484,9.340659
"internal",235,"obese","second",5,62.08791,8.241758,8.241758
"internal",236,"obese","second",1,8.241758,8.241758,8.241758
"internal",236,"obese","second",2,8.241758,8.241758,8.241758
"internal",236,"obese","second",3,16.75824,8.241758,13.18681
"internal",236,"obese","second",4,50,8.241758,20.32967
"internal",236,"obese","second",5,84.61538,8.241758,19.23077
"internal",237,"obese","second",1,8.241758,60.71429,64.01099
"internal",237,"obese","second",2,8.241758,62.08791,66.20879
"internal",237,"obese","second",3,8.241758,55.49451,67.58242
"internal",237,"obese","second",4,8.241758,60.98901,67.30769
"internal",237,"obese","second",5,18.68132,48.62637,54.94505
"internal",238,"obese","second",1,16.48352,54.67033,45.05495
"internal",238,"obese","second",2,14.28571,68.95604,60.16484
"internal",238,"obese","second",3,85.16484,70.87912,91.75824
"internal",238,"obese","second",4,NA,NA,NA
"internal",238,"obese","second",5,91.75824,31.59341,91.75824
"internal",239,"obese","second",1,9.340659,60.98901,64.56044
"internal",239,"obese","second",2,11.26374,58.79121,58.51648
"internal",239,"obese","second",3,12.08791,29.12088,54.94505
"internal",239,"obese","second",4,15.38462,13.73626,47.8022
"internal",239,"obese","second",5,15.10989,8.241758,30.76923
"internal",240,"obese","second",1,8.241758,54.12088,36.53846
"internal",240,"obese","second",2,8.241758,53.2967,46.42857
"internal",240,"obese","second",3,8.241758,39.56044,58.79121
"internal",240,"obese","second",4,8.241758,58.24176,59.34066
"internal",240,"obese","second",5,8.241758,67.30769,75
"internal",241,"obese","second",1,10.43956,59.89011,19.23077
"internal",241,"obese","second",2,12.91209,61.81319,17.03297
"internal",241,"obese","second",3,63.18681,50,20.6044
"internal",241,"obese","second",4,14.01099,50,16.48352
"internal",241,"obese","second",5,23.35165,50,27.47253
"internal",242,"obese","second",1,17.30769,61.26374,14.56044
"internal",242,"obese","second",2,20.05495,50,21.97802
"internal",242,"obese","second",3,26.37363,66.75824,20.87912
"internal",242,"obese","second",4,40.10989,60.16484,30.21978
"internal",242,"obese","second",5,50.54945,56.31868,37.63736
"internal",244,"obese","second",1,8.241758,54.67033,41.48352
"internal",244,"obese","second",2,10.16484,57.41758,53.84615
"internal",244,"obese","second",3,24.72527,55.49451,63.46154
"internal",244,"obese","second",4,59.34066,58.51648,61.26374
"internal",244,"obese","second",5,84.34066,58.79121,65.93407
"internal",245,"obese","second",1,8.241758,72.25275,76.92308
"internal",245,"obese","second",2,8.241758,74.72527,76.64835
"internal",245,"obese","second",3,13.46154,66.48352,67.03297
"internal",245,"obese","second",4,20.05495,65.65934,65.93407
"internal",245,"obese","second",5,81.59341,8.241758,16.75824
"internal",246,"obese","second",1,8.241758,56.31868,66.48352
"internal",246,"obese","second",2,8.241758,60.43956,67.58242
"internal",246,"obese","second",3,8.241758,58.51648,67.58242
"internal",246,"obese","second",4,14.56044,50,62.36264
"internal",246,"obese","second",5,45.05495,43.40659,50
"internal",247,"obese","second",1,8.241758,34.61538,23.9011
"internal",247,"obese","second",2,8.241758,13.18681,18.13187
"internal",247,"obese","second",3,12.63736,28.2967,56.86813
"internal",247,"obese","second",4,8.241758,20.32967,25
"internal",247,"obese","second",5,43.13187,63.46154,40.38462
"internal",248,"obese","second",1,8.241758,28.57143,66.48352
"internal",248,"obese","second",2,13.18681,8.241758,74.17582
"internal",248,"obese","second",3,15.93407,9.89011,79.94505
"internal",248,"obese","second",4,57.14286,16.75824,87.63736
"internal",248,"obese","second",5,81.04396,8.241758,81.31868
"internal",249,"obese","second",1,8.241758,50,66.75824
"internal",249,"obese","second",2,8.241758,50,68.95604
"internal",249,"obese","second",3,8.241758,8.241758,59.06593
"internal",249,"obese","second",4,59.34066,8.241758,55.21978
"internal",249,"obese","second",5,83.51648,8.241758,40.65934
"internal",250,"obese","second",1,9.89011,54.12088,24.45055
"internal",250,"obese","second",2,8.241758,61.53846,36.26374
"internal",250,"obese","second",3,8.241758,65.65934,31.86813
"internal",250,"obese","second",4,8.241758,75.82418,27.74725
"internal",250,"obese","second",5,10.71429,47.52747,27.74725
"internal",251,"obese","second",1,8.241758,23.62637,10.16484
"internal",251,"obese","second",2,8.241758,10.16484,12.63736
"internal",251,"obese","second",3,14.01099,13.73626,27.74725
"internal",251,"obese","second",4,87.36264,30.21978,28.57143
"internal",251,"obese","second",5,91.75824,18.13187,40.10989
"internal",252,"obese","second",1,9.065934,77.47253,68.13187
"internal",252,"obese","second",2,9.89011,66.48352,56.04396
"internal",252,"obese","second",3,10.43956,58.79121,42.30769
"internal",252,"obese","second",4,37.36264,47.8022,29.67033
"internal",252,"obese","second",5,75.82418,32.96703,23.07692
"internal",253,"obese","second",1,56.59341,63.18681,91.75824
"internal",253,"obese","second",2,68.68132,62.08791,71.97802
"internal",253,"obese","second",3,67.58242,60.43956,10.98901
"internal",253,"obese","second",4,79.94505,74.72527,10.43956
"internal",253,"obese","second",5,91.75824,61.53846,27.1978
"internal",254,"obese","second",1,37.91209,40.10989,63.73626
"internal",254,"obese","second",2,32.14286,47.25275,68.40659
"internal",254,"obese","second",3,22.52747,49.45055,85.98901
"internal",254,"obese","second",4,25,43.13187,89.83516
"internal",254,"obese","second",5,10.43956,50.54945,91.20879
"internal",256,"obese","second",1,50,50,17.58242
"internal",256,"obese","second",2,8.241758,8.241758,11.53846
"internal",256,"obese","second",3,9.065934,8.241758,9.615385
"internal",256,"obese","second",4,50,50,8.241758
"internal",256,"obese","second",5,16.48352,11.26374,8.241758
"internal",258,"obese","second",1,8.241758,50,50
"internal",258,"obese","second",2,8.241758,50,41.75824
"internal",258,"obese","second",3,NA,NA,NA
"internal",258,"obese","second",4,8.241758,18.13187,62.08791
"internal",258,"obese","second",5,8.241758,8.241758,69.78022
"internal",259,"obese","second",1,8.241758,29.3956,49.45055
"internal",259,"obese","second",2,8.241758,19.78022,50
"internal",259,"obese","second",3,8.241758,26.92308,30.49451
"internal",259,"obese","second",4,11.26374,13.73626,20.32967
"internal",259,"obese","second",5,82.14286,8.241758,19.78022
"internal",262,"obese","second",1,8.791209,56.31868,79.94505
"internal",262,"obese","second",2,NA,NA,NA
"internal",262,"obese","second",3,8.241758,35.43956,87.63736
"internal",262,"obese","second",4,8.241758,22.52747,85.98901
"internal",262,"obese","second",5,8.241758,25.27473,86.81319
"internal",263,"obese","second",1,8.241758,76.64835,59.06593
"internal",263,"obese","second",2,8.241758,64.83516,62.91209
"internal",263,"obese","second",3,8.241758,59.34066,62.08791
"internal",263,"obese","second",4,8.241758,56.86813,59.34066
"internal",263,"obese","second",5,14.28571,23.07692,54.3956
"internal",264,"obese","second",1,8.241758,62.91209,73.62637
"internal",264,"obese","second",2,8.516484,69.23077,88.18681
"internal",264,"obese","second",3,8.241758,57.96703,87.91209
"internal",264,"obese","second",4,12.08791,64.83516,82.69231
"internal",264,"obese","second",5,50,62.36264,82.14286
"internal",265,"obese","second",1,29.3956,50,50
"internal",265,"obese","second",2,8.241758,29.67033,26.64835
"internal",265,"obese","second",3,15.10989,43.68132,36.81319
"internal",265,"obese","second",4,15.10989,34.34066,23.9011
"internal",265,"obese","second",5,17.58242,14.28571,35.71429
"internal",266,"obese","second",1,8.241758,8.241758,10.71429
"internal",266,"obese","second",2,8.241758,8.241758,9.340659
"internal",266,"obese","second",3,9.615385,8.241758,8.241758
"internal",266,"obese","second",4,15.65934,8.241758,8.241758
"internal",266,"obese","second",5,89.83516,21.97802,15.93407
"internal",267,"obese","second",1,8.241758,75,15.65934
"internal",267,"obese","second",2,8.241758,74.45055,17.58242
"internal",267,"obese","second",3,68.68132,67.30769,15.65934
"internal",267,"obese","second",4,18.13187,68.40659,10.43956
"internal",267,"obese","second",5,68.95604,77.1978,10.16484
"internal",268,"obese","second",1,NA,NA,NA
"internal",268,"obese","second",2,9.89011,50,50
"internal",268,"obese","second",3,24.45055,25,32.14286
"internal",268,"obese","second",4,41.20879,50,50
"internal",268,"obese","second",5,70.05495,23.35165,38.18681
"internal",269,"obese","second",1,8.241758,72.52747,75.82418
"internal",269,"obese","second",2,8.241758,76.37363,81.86813
"internal",269,"obese","second",3,28.02198,59.34066,82.69231
"internal",269,"obese","second",4,22.52747,65.65934,79.12088
"internal",269,"obese","second",5,31.31868,73.62637,71.42857
"internal",270,"obese","second",1,8.241758,75.54945,75.27473
"internal",270,"obese","second",2,8.241758,68.13187,76.64835
"internal",270,"obese","second",3,8.241758,35.98901,90.93407
"internal",270,"obese","second",4,89.56044,48.07692,91.75824
"internal",270,"obese","second",5,91.75824,48.9011,91.75824
"internal",201,"obese","third",1,37.08791,43.40659,41.75824
"internal",201,"obese","third",2,31.86813,41.75824,37.36264
"internal",201,"obese","third",3,36.53846,36.26374,36.53846
"internal",201,"obese","third",4,34.89011,40.38462,36.53846
"internal",201,"obese","third",5,NA,NA,NA
"internal",202,"obese","third",1,19.50549,57.14286,44.23077
"internal",202,"obese","third",2,18.40659,57.14286,27.74725
"internal",202,"obese","third",3,27.1978,62.36264,53.84615
"internal",202,"obese","third",4,53.2967,67.58242,67.03297
"internal",202,"obese","third",5,57.69231,73.07692,69.23077
"internal",203,"obese","third",1,10.16484,76.0989,65.10989
"internal",203,"obese","third",2,13.73626,68.13187,68.68132
"internal",203,"obese","third",3,27.74725,54.12088,55.49451
"internal",203,"obese","third",4,28.2967,58.24176,53.84615
"internal",203,"obese","third",5,64.01099,21.7033,42.30769
"internal",204,"obese","third",1,14.83516,59.34066,39.01099
"internal",204,"obese","third",2,18.13187,58.24176,24.72527
"internal",204,"obese","third",3,26.37363,43.40659,24.45055
"internal",204,"obese","third",4,50,29.94505,29.3956
"internal",204,"obese","third",5,67.30769,24.17582,34.61538
"internal",205,"obese","third",1,26.92308,37.63736,50
"internal",205,"obese","third",2,11.26374,35.43956,33.79121
"internal",205,"obese","third",3,25,50,50
"internal",205,"obese","third",4,24.45055,29.67033,25.82418
"internal",205,"obese","third",5,31.86813,41.20879,42.85714
"internal",206,"obese","third",1,10.98901,63.18681,59.34066
"internal",206,"obese","third",2,9.065934,18.13187,91.75824
"internal",206,"obese","third",3,13.73626,8.241758,91.75824
"internal",206,"obese","third",4,8.241758,20.05495,91.75824
"internal",206,"obese","third",5,16.20879,8.241758,50
"internal",207,"obese","third",1,8.241758,8.241758,8.241758
"internal",207,"obese","third",2,8.241758,8.241758,8.241758
"internal",207,"obese","third",3,17.03297,8.241758,8.241758
"internal",207,"obese","third",4,21.15385,8.241758,49.72527
"internal",207,"obese","third",5,67.03297,8.241758,8.241758
"internal",208,"obese","third",1,12.36264,25.82418,78.02198
"internal",208,"obese","third",2,17.03297,8.241758,65.65934
"internal",208,"obese","third",3,17.85714,8.241758,28.84615
"internal",208,"obese","third",4,83.79121,8.241758,23.35165
"internal",208,"obese","third",5,NA,NA,NA
"internal",209,"obese","third",1,8.241758,61.26374,31.59341
"internal",209,"obese","third",2,8.241758,53.02198,31.04396
"internal",209,"obese","third",3,8.241758,69.23077,36.26374
"internal",209,"obese","third",4,8.241758,71.15385,39.56044
"internal",209,"obese","third",5,75.54945,91.75824,51.64835
"internal",211,"obese","third",1,8.241758,17.03297,16.75824
"internal",211,"obese","third",2,8.241758,17.03297,13.73626
"internal",211,"obese","third",3,8.241758,12.91209,11.81319
"internal",211,"obese","third",4,8.241758,8.241758,12.08791
"internal",211,"obese","third",5,11.81319,8.241758,8.241758
"internal",212,"obese","third",1,36.81319,43.95604,18.95604
"internal",212,"obese","third",2,NA,NA,NA
"internal",212,"obese","third",3,NA,NA,NA
"internal",212,"obese","third",4,NA,NA,NA
"internal",212,"obese","third",5,NA,NA,NA
"internal",213,"obese","third",1,9.615385,10.71429,9.89011
"internal",213,"obese","third",2,8.241758,8.241758,9.340659
"internal",213,"obese","third",3,10.43956,8.241758,8.241758
"internal",213,"obese","third",4,58.24176,9.340659,9.065934
"internal",213,"obese","third",5,69.23077,11.81319,12.08791
"internal",214,"obese","third",1,8.241758,32.41758,14.83516
"internal",214,"obese","third",2,30.76923,21.97802,25
"internal",214,"obese","third",3,NA,NA,NA
"internal",214,"obese","third",4,50,50,44.50549
"internal",214,"obese","third",5,87.63736,24.17582,30.21978
"internal",215,"obese","third",1,8.241758,8.241758,8.791209
"internal",215,"obese","third",2,8.241758,50,8.241758
"internal",215,"obese","third",3,49.17582,8.241758,8.241758
"internal",215,"obese","third",4,64.56044,27.47253,8.241758
"internal",215,"obese","third",5,75.54945,63.73626,17.58242
"internal",217,"obese","third",1,8.241758,54.12088,54.3956
"internal",217,"obese","third",2,8.241758,53.57143,53.84615
"internal",217,"obese","third",3,22.8022,35.43956,35.16484
"internal",217,"obese","third",4,55.49451,32.96703,26.0989
"internal",217,"obese","third",5,91.75824,53.2967,32.96703
"internal",218,"obese","third",1,13.73626,34.89011,50
"internal",218,"obese","third",2,27.47253,13.18681,21.15385
"internal",218,"obese","third",3,84.06593,12.63736,16.20879
"internal",218,"obese","third",4,38.73626,20.6044,8.241758
"internal",218,"obese","third",5,67.58242,11.53846,9.065934
"internal",220,"obese","third",1,8.241758,31.31868,59.61538
"internal",220,"obese","third",2,8.241758,29.94505,54.94505
"internal",220,"obese","third",3,8.241758,14.83516,35.71429
"internal",220,"obese","third",4,8.241758,37.91209,37.91209
"internal",220,"obese","third",5,8.241758,23.62637,42.85714
"internal",221,"obese","third",1,14.28571,58.79121,32.69231
"internal",221,"obese","third",2,12.91209,28.2967,28.02198
"internal",221,"obese","third",3,13.46154,15.93407,19.23077
"internal",221,"obese","third",4,17.85714,19.50549,17.85714
"internal",221,"obese","third",5,26.37363,22.8022,30.21978
"internal",224,"obese","third",1,13.18681,80.49451,65.65934
"internal",224,"obese","third",2,10.43956,64.01099,57.96703
"internal",224,"obese","third",3,22.8022,53.2967,67.58242
"internal",224,"obese","third",4,76.0989,45.87912,57.41758
"internal",224,"obese","third",5,91.75824,38.46154,29.3956
"internal",225,"obese","third",1,8.241758,73.35165,35.43956
"internal",225,"obese","third",2,10.43956,68.95604,44.50549
"internal",225,"obese","third",3,22.25275,50.54945,44.50549
"internal",225,"obese","third",4,25.82418,42.30769,34.89011
"internal",225,"obese","third",5,91.75824,8.241758,20.87912
"internal",226,"obese","third",1,14.28571,54.12088,53.84615
"internal",226,"obese","third",2,8.241758,29.67033,50
"internal",226,"obese","third",3,8.241758,18.68132,22.8022
"internal",226,"obese","third",4,11.81319,13.73626,13.73626
"internal",226,"obese","third",5,24.17582,20.87912,18.68132
"internal",227,"obese","third",1,9.89011,46.15385,45.87912
"internal",227,"obese","third",2,14.83516,45.6044,54.12088
"internal",227,"obese","third",3,32.14286,42.58242,55.76923
"internal",227,"obese","third",4,58.79121,37.91209,61.53846
"internal",227,"obese","third",5,70.05495,31.59341,71.15385
"internal",228,"obese","third",1,8.241758,91.75824,8.241758
"internal",228,"obese","third",2,8.241758,91.75824,8.241758
"internal",228,"obese","third",3,8.241758,72.8022,8.241758
"internal",228,"obese","third",4,8.241758,86.26374,10.43956
"internal",228,"obese","third",5,29.3956,85.16484,50
"internal",229,"obese","third",1,17.58242,56.31868,50
"internal",229,"obese","third",2,12.63736,53.84615,78.57143
"internal",229,"obese","third",3,8.516484,54.12088,88.18681
"internal",229,"obese","third",4,NA,NA,NA
"internal",229,"obese","third",5,79.12088,56.31868,88.73626
"internal",230,"obese","third",1,8.516484,59.34066,15.10989
"internal",230,"obese","third",2,8.241758,56.59341,13.46154
"internal",230,"obese","third",3,34.06593,50,8.791209
"internal",230,"obese","third",4,68.68132,45.87912,8.241758
"internal",230,"obese","third",5,91.75824,17.30769,8.241758
"internal",231,"obese","third",1,21.7033,55.76923,8.241758
"internal",231,"obese","third",2,13.73626,58.24176,12.08791
"internal",231,"obese","third",3,NA,NA,NA
"internal",231,"obese","third",4,30.76923,50,23.35165
"internal",231,"obese","third",5,50,48.07692,23.62637
"internal",232,"obese","third",1,NA,NA,NA
"internal",232,"obese","third",2,NA,NA,NA
"internal",232,"obese","third",3,28.2967,39.83516,39.56044
"internal",232,"obese","third",4,55.49451,23.62637,8.241758
"internal",232,"obese","third",5,82.96703,39.01099,65.93407
"internal",234,"obese","third",1,11.53846,30.21978,29.3956
"internal",234,"obese","third",2,10.16484,9.89011,18.13187
"internal",234,"obese","third",3,17.03297,11.53846,27.47253
"internal",234,"obese","third",4,54.12088,11.53846,14.01099
"internal",234,"obese","third",5,75,9.615385,33.24176
"internal",235,"obese","third",1,24.45055,34.06593,29.12088
"internal",235,"obese","third",2,10.43956,14.28571,13.46154
"internal",235,"obese","third",3,8.241758,8.241758,11.53846
"internal",235,"obese","third",4,9.065934,10.98901,13.18681
"internal",235,"obese","third",5,30.76923,26.0989,60.71429
"internal",236,"obese","third",1,8.241758,8.241758,8.241758
"internal",236,"obese","third",2,13.73626,8.241758,8.241758
"internal",236,"obese","third",3,8.241758,8.241758,18.40659
"internal",236,"obese","third",4,67.03297,18.95604,22.8022
"internal",236,"obese","third",5,29.94505,8.241758,18.13187
"internal",237,"obese","third",1,13.46154,56.86813,50.54945
"internal",237,"obese","third",2,17.58242,49.72527,39.01099
"internal",237,"obese","third",3,18.40659,43.13187,67.85714
"internal",237,"obese","third",4,22.52747,32.96703,63.18681
"internal",237,"obese","third",5,21.97802,31.86813,78.57143
"internal",238,"obese","third",1,9.615385,19.78022,25.82418
"internal",238,"obese","third",2,9.065934,15.38462,14.28571
"internal",238,"obese","third",3,12.08791,24.17582,13.46154
"internal",238,"obese","third",4,76.0989,25.27473,50
"internal",238,"obese","third",5,91.75824,24.72527,19.23077
"internal",239,"obese","third",1,8.241758,57.69231,23.62637
"internal",239,"obese","third",2,8.241758,38.18681,28.2967
"internal",239,"obese","third",3,NA,NA,NA
"internal",239,"obese","third",4,8.241758,8.241758,16.20879
"internal",239,"obese","third",5,8.241758,8.241758,8.241758
"internal",241,"obese","third",1,11.26374,53.2967,58.24176
"internal",241,"obese","third",2,12.63736,55.49451,57.69231
"internal",241,"obese","third",3,13.73626,52.1978,54.67033
"internal",241,"obese","third",4,46.15385,50,50
"internal",241,"obese","third",5,78.57143,18.68132,45.6044
"internal",242,"obese","third",1,9.065934,50,26.92308
"internal",242,"obese","third",2,10.43956,56.59341,26.64835
"internal",242,"obese","third",3,14.56044,40.10989,30.49451
"internal",242,"obese","third",4,29.67033,63.18681,57.14286
"internal",242,"obese","third",5,44.50549,42.03297,57.41758
"internal",244,"obese","third",1,8.241758,23.9011,15.65934
"internal",244,"obese","third",2,8.241758,10.71429,16.48352
"internal",244,"obese","third",3,15.10989,12.08791,17.58242
"internal",244,"obese","third",4,54.94505,18.68132,18.95604
"internal",244,"obese","third",5,82.96703,8.241758,48.9011
"internal",245,"obese","third",1,NA,NA,NA
"internal",245,"obese","third",2,NA,NA,NA
"internal",245,"obese","third",3,NA,NA,NA
"internal",245,"obese","third",4,NA,NA,NA
"internal",245,"obese","third",5,NA,NA,NA
"internal",246,"obese","third",1,8.241758,81.59341,67.03297
"internal",246,"obese","third",2,8.241758,77.74725,68.68132
"internal",246,"obese","third",3,8.241758,65.10989,62.63736
"internal",246,"obese","third",4,8.241758,64.01099,64.28571
"internal",246,"obese","third",5,17.85714,55.21978,57.69231
"internal",248,"obese","third",1,9.340659,53.57143,64.28571
"internal",248,"obese","third",2,12.08791,53.57143,66.48352
"internal",248,"obese","third",3,20.32967,57.69231,84.61538
"internal",248,"obese","third",4,33.51648,58.24176,87.36264
"internal",248,"obese","third",5,54.67033,53.02198,84.34066
"internal",249,"obese","third",1,NA,NA,NA
"internal",249,"obese","third",2,NA,NA,NA
"internal",249,"obese","third",3,NA,NA,NA
"internal",249,"obese","third",4,NA,NA,NA
"internal",249,"obese","third",5,NA,NA,NA
"internal",250,"obese","third",1,9.89011,63.46154,30.49451
"internal",250,"obese","third",2,8.241758,59.61538,37.36264
"internal",250,"obese","third",3,8.241758,47.8022,57.96703
"internal",250,"obese","third",4,8.241758,55.49451,63.18681
"internal",250,"obese","third",5,9.065934,71.7033,70.87912
"internal",251,"obese","third",1,8.241758,85.16484,91.75824
"internal",251,"obese","third",2,8.241758,82.14286,91.75824
"internal",251,"obese","third",3,13.46154,77.74725,88.46154
"internal",251,"obese","third",4,32.14286,76.64835,82.41758
"internal",251,"obese","third",5,91.75824,8.241758,25
"internal",252,"obese","third",1,8.241758,77.47253,84.89011
"internal",252,"obese","third",2,8.241758,77.47253,84.06593
"internal",252,"obese","third",3,18.40659,42.58242,64.83516
"internal",252,"obese","third",4,23.62637,48.9011,59.06593
"internal",252,"obese","third",5,75.54945,37.36264,56.04396
"internal",253,"obese","third",1,24.45055,49.72527,39.56044
"internal",253,"obese","third",2,50,57.14286,18.13187
"internal",253,"obese","third",3,59.06593,64.01099,23.9011
"internal",253,"obese","third",4,85.16484,62.63736,28.57143
"internal",253,"obese","third",5,91.75824,58.24176,54.67033
"internal",254,"obese","third",1,8.241758,39.28571,75.27473
"internal",254,"obese","third",2,8.241758,32.41758,75.54945
"internal",254,"obese","third",3,8.241758,44.23077,82.41758
"internal",254,"obese","third",4,8.241758,35.43956,85.43956
"internal",254,"obese","third",5,8.241758,33.24176,85.98901
"internal",256,"obese","third",1,50,50,56.04396
"internal",256,"obese","third",2,39.56044,29.94505,50
"internal",256,"obese","third",3,28.2967,27.47253,31.31868
"internal",256,"obese","third",4,28.02198,23.62637,23.07692
"internal",256,"obese","third",5,35.71429,50,50
"internal",259,"obese","third",1,8.241758,15.65934,28.2967
"internal",259,"obese","third",2,8.241758,18.68132,18.40659
"internal",259,"obese","third",3,8.241758,14.01099,18.13187
"internal",259,"obese","third",4,8.241758,14.56044,15.38462
"internal",259,"obese","third",5,69.78022,8.241758,18.95604
"internal",262,"obese","third",1,8.791209,56.86813,81.04396
"internal",262,"obese","third",2,8.241758,54.94505,86.26374
"internal",262,"obese","third",3,8.241758,50,90.10989
"internal",262,"obese","third",4,21.97802,54.12088,88.46154
"internal",262,"obese","third",5,29.12088,54.67033,91.75824
"internal",264,"obese","third",1,27.1978,44.50549,50
"internal",264,"obese","third",2,31.04396,31.86813,61.53846
"internal",264,"obese","third",3,43.95604,21.7033,56.86813
"internal",264,"obese","third",4,35.98901,39.28571,57.41758
"internal",264,"obese","third",5,75.82418,53.2967,64.01099
"internal",265,"obese","third",1,10.98901,52.47253,27.74725
"internal",265,"obese","third",2,12.91209,54.67033,23.07692
"internal",265,"obese","third",3,14.83516,55.21978,32.69231
"internal",265,"obese","third",4,13.18681,37.63736,8.791209
"internal",265,"obese","third",5,12.91209,41.20879,39.56044
"internal",266,"obese","third",1,8.241758,8.241758,15.38462
"internal",266,"obese","third",2,8.241758,8.241758,12.08791
"internal",266,"obese","third",3,18.40659,8.791209,14.83516
"internal",266,"obese","third",4,50,8.241758,16.20879
"internal",266,"obese","third",5,91.75824,8.241758,17.03297
"internal",268,"obese","third",1,27.1978,62.36264,44.23077
"internal",268,"obese","third",2,36.81319,50,22.8022
"internal",268,"obese","third",3,29.94505,24.72527,26.0989
"internal",268,"obese","third",4,46.7033,15.38462,18.68132
"internal",268,"obese","third",5,70.87912,30.76923,29.3956
"internal",269,"obese","third",1,8.241758,69.23077,81.86813
"internal",269,"obese","third",2,8.241758,75.27473,86.53846
"internal",269,"obese","third",3,10.16484,71.97802,87.08791
"internal",269,"obese","third",4,10.71429,76.37363,85.98901
"internal",269,"obese","third",5,16.48352,64.28571,87.36264
"internal",270,"obese","third",1,8.241758,19.50549,73.35165
"internal",270,"obese","third",2,8.241758,14.01099,84.61538
"internal",270,"obese","third",3,8.241758,15.38462,89.83516
"internal",270,"obese","third",4,31.86813,37.08791,80.49451
"internal",270,"obese","third",5,13.46154,23.07692,86.53846
